{
  "mobile covers/pages/mobile-back-covers-757" : {
    "transaction" : "mobile covers/pages/mobile-back-covers-757",
    "sampleCount" : 5,
    "errorCount" : 0,
    "errorPct" : 0.0,
    "meanResTime" : 184.4,
    "medianResTime" : 192.0,
    "minResTime" : 139.0,
    "maxResTime" : 219.0,
    "pct1ResTime" : 219.0,
    "pct2ResTime" : 219.0,
    "pct3ResTime" : 219.0,
    "throughput" : 0.6585012511523771,
    "receivedKBytesPerSec" : 17.415814730672988,
    "sentKBytesPerSec" : 0.873285838930594
  },
  "cart/cart-517" : {
    "transaction" : "cart/cart-517",
    "sampleCount" : 5,
    "errorCount" : 0,
    "errorPct" : 0.0,
    "meanResTime" : 145.2,
    "medianResTime" : 137.0,
    "minResTime" : 122.0,
    "maxResTime" : 186.0,
    "pct1ResTime" : 186.0,
    "pct2ResTime" : 186.0,
    "pct3ResTime" : 186.0,
    "throughput" : 0.6640106241699867,
    "receivedKBytesPerSec" : 16.768213603917662,
    "sentKBytesPerSec" : 0.8676232569721115
  },
  "Total" : {
    "transaction" : "Total",
    "sampleCount" : 30,
    "errorCount" : 0,
    "errorPct" : 0.0,
    "meanResTime" : 231.0,
    "medianResTime" : 192.0,
    "minResTime" : 122.0,
    "maxResTime" : 721.0,
    "pct1ResTime" : 380.50000000000006,
    "pct2ResTime" : 546.6499999999997,
    "pct3ResTime" : 721.0,
    "throughput" : 3.256975355553143,
    "receivedKBytesPerSec" : 77.31510303577244,
    "sentKBytesPerSec" : 8.111162095592226
  },
  "home/-385" : {
    "transaction" : "home/-385",
    "sampleCount" : 5,
    "errorCount" : 0,
    "errorPct" : 0.0,
    "meanResTime" : 342.4,
    "medianResTime" : 250.0,
    "minResTime" : 239.0,
    "maxResTime" : 721.0,
    "pct1ResTime" : 721.0,
    "pct2ResTime" : 721.0,
    "pct3ResTime" : 721.0,
    "throughput" : 0.6145526057030481,
    "receivedKBytesPerSec" : 18.677838080752213,
    "sentKBytesPerSec" : 0.4008995513765979
  },
  "mouse pad/collections/mouse-pad-935" : {
    "transaction" : "mouse pad/collections/mouse-pad-935",
    "sampleCount" : 5,
    "errorCount" : 0,
    "errorPct" : 0.0,
    "meanResTime" : 164.0,
    "medianResTime" : 149.0,
    "minResTime" : 135.0,
    "maxResTime" : 200.0,
    "pct1ResTime" : 200.0,
    "pct2ResTime" : 200.0,
    "pct3ResTime" : 200.0,
    "throughput" : 0.6626027034190299,
    "receivedKBytesPerSec" : 22.668647917771004,
    "sentKBytesPerSec" : 0.8767838507156109
  },
  "track order/pages/track-order-1-1,170" : {
    "transaction" : "track order/pages/track-order-1-1,170",
    "sampleCount" : 5,
    "errorCount" : 0,
    "errorPct" : 0.0,
    "meanResTime" : 179.8,
    "medianResTime" : 179.0,
    "minResTime" : 140.0,
    "maxResTime" : 240.0,
    "pct1ResTime" : 240.0,
    "pct2ResTime" : 240.0,
    "pct3ResTime" : 240.0,
    "throughput" : 0.6614631565021828,
    "receivedKBytesPerSec" : 16.556086907990476,
    "sentKBytesPerSec" : 0.8739840339330599
  },
  "mobile covers/.well-known/shopify/monorail/v1/produce-812" : {
    "transaction" : "mobile covers/.well-known/shopify/monorail/v1/produce-812",
    "sampleCount" : 5,
    "errorCount" : 0,
    "errorPct" : 0.0,
    "meanResTime" : 370.2,
    "medianResTime" : 358.0,
    "minResTime" : 350.0,
    "maxResTime" : 404.0,
    "pct1ResTime" : 404.0,
    "pct2ResTime" : 404.0,
    "pct3ResTime" : 404.0,
    "throughput" : 0.6434178355424012,
    "receivedKBytesPerSec" : 0.7049949330845451,
    "sentKBytesPerSec" : 5.798928910371895
  }
}