{
  "home/-37" : {
    "transaction" : "home/-37",
    "sampleCount" : 40,
    "errorCount" : 0,
    "errorPct" : 0.0,
    "meanResTime" : 3560.0750000000003,
    "medianResTime" : 3347.5,
    "minResTime" : 958.0,
    "maxResTime" : 7999.0,
    "pct1ResTime" : 5710.299999999999,
    "pct2ResTime" : 6750.649999999996,
    "pct3ResTime" : 7999.0,
    "throughput" : 2.2934464766928504,
    "receivedKBytesPerSec" : 381.8471359691245,
    "sentKBytesPerSec" : 1.473718536781148
  },
  "henlo/products/henlo-baked-dry-food-for-adult-dogs-100-human-grade-ingredients-1,339" : {
    "transaction" : "henlo/products/henlo-baked-dry-food-for-adult-dogs-100-human-grade-ingredients-1,339",
    "sampleCount" : 20,
    "errorCount" : 0,
    "errorPct" : 0.0,
    "meanResTime" : 2446.0000000000005,
    "medianResTime" : 2710.5,
    "minResTime" : 292.0,
    "maxResTime" : 5660.0,
    "pct1ResTime" : 4562.4000000000015,
    "pct2ResTime" : 5609.249999999999,
    "pct3ResTime" : 5660.0,
    "throughput" : 1.1819632409432066,
    "receivedKBytesPerSec" : 281.038077684534,
    "sentKBytesPerSec" : 1.6598272856214171
  },
  "henlo/collections/henlo-1,310" : {
    "transaction" : "henlo/collections/henlo-1,310",
    "sampleCount" : 20,
    "errorCount" : 0,
    "errorPct" : 0.0,
    "meanResTime" : 3390.2500000000005,
    "medianResTime" : 3823.5,
    "minResTime" : 211.0,
    "maxResTime" : 6273.0,
    "pct1ResTime" : 5724.6,
    "pct2ResTime" : 6246.099999999999,
    "pct3ResTime" : 6273.0,
    "throughput" : 1.1995441732141785,
    "receivedKBytesPerSec" : 179.67965141996044,
    "sentKBytesPerSec" : 1.5521445600671746
  },
  "search/pages/search-results-1-673" : {
    "transaction" : "search/pages/search-results-1-673",
    "sampleCount" : 40,
    "errorCount" : 0,
    "errorPct" : 0.0,
    "meanResTime" : 3402.124999999999,
    "medianResTime" : 3654.0,
    "minResTime" : 219.0,
    "maxResTime" : 6928.0,
    "pct1ResTime" : 5821.4,
    "pct2ResTime" : 6677.8499999999985,
    "pct3ResTime" : 6928.0,
    "throughput" : 2.024701356549909,
    "receivedKBytesPerSec" : 240.0553352462543,
    "sentKBytesPerSec" : 2.687079241749342
  },
  "Total" : {
    "transaction" : "Total",
    "sampleCount" : 160,
    "errorCount" : 0,
    "errorPct" : 0.0,
    "meanResTime" : 3388.681249999999,
    "medianResTime" : 3390.0,
    "minResTime" : 165.0,
    "maxResTime" : 7999.0,
    "pct1ResTime" : 5740.4,
    "pct2ResTime" : 6173.349999999999,
    "pct3ResTime" : 7345.689999999985,
    "throughput" : 4.789702140398145,
    "receivedKBytesPerSec" : 736.228466219503,
    "sentKBytesPerSec" : 5.504181634485855
  },
  "consult a vet/pages/consult-a-vet-1,623" : {
    "transaction" : "consult a vet/pages/consult-a-vet-1,623",
    "sampleCount" : 20,
    "errorCount" : 0,
    "errorPct" : 0.0,
    "meanResTime" : 3068.9500000000003,
    "medianResTime" : 2839.0,
    "minResTime" : 899.0,
    "maxResTime" : 5946.0,
    "pct1ResTime" : 4854.400000000001,
    "pct2ResTime" : 5891.9,
    "pct3ResTime" : 5946.0,
    "throughput" : 1.0554089709762533,
    "receivedKBytesPerSec" : 148.14855087401057,
    "sentKBytesPerSec" : 1.3501813984168867
  },
  "offer zone/pages/superdeals-850" : {
    "transaction" : "offer zone/pages/superdeals-850",
    "sampleCount" : 20,
    "errorCount" : 0,
    "errorPct" : 0.0,
    "meanResTime" : 4279.85,
    "medianResTime" : 4731.5,
    "minResTime" : 165.0,
    "maxResTime" : 6536.0,
    "pct1ResTime" : 6172.7,
    "pct2ResTime" : 6517.9,
    "pct3ResTime" : 6536.0,
    "throughput" : 1.1124089215195505,
    "receivedKBytesPerSec" : 146.43326285179933,
    "sentKBytesPerSec" : 1.419842246509817
  }
}